{
	"type": "FeatureCollection",
	"features": [
            {
		"geometry": {
                    "type": "Point",
                    "coordinates": [40.4167754,-3.7037901999999576]
		},
		"type": "Feature",
		"properties": {
                    "Name": "Madrid"
		},
		"id": 1
            },
            {
		"geometry": {
                    "type": "Point",
                    "coordinates": [ 51.5073509,-0.12775829999998223]
		},
		"type": "Feature",
		"properties": {
                    "Name": "Londres"
		},
		"id": 2
            },
            {
		"geometry": {
                    "type": "Point",
                    "coordinates": [41.9027835,12.496365500000024 ]
		},
		"type": "Feature",
		"properties": {
                    "Name": "Roma"
		},
		"id": 3
            },
            {
		"geometry": {
                    "type": "Point",
                    "coordinates": [ 33.5731104,-7.589843400000063]
		},
		"type": "Feature",
		"properties": {
                    "Name": "Casablanca"
		},
		"id": 4
            },
            {
		"geometry": {
                    "type": "Point",
                    "coordinates": [35.6894875,139.69170639999993 ]
		},
		"type": "Feature",
		"properties": {
                    "Name": "Tokyo"
		},
		"id": 5
            },
            {
		"geometry": {
                    "type": "Point",
                    "coordinates": [ 41.00527,28.976959999999963]
		},
		"type": "Feature",
		"properties": {
                    "Name": "Estambul"
		},
		"id": 6
            },
            {
		"geometry": {
                    "type": "Point",
                    "coordinates": [-34.6037232,-58.38159310000003 ]
		},
		"type": "Feature",
		"properties": {
                    "Name": "Buenos Aires"
		},
		"id": 7
            },
            {
		"geometry": {
                    "type": "Point",
                    "coordinates": [ 41.8781136,-87.62979819999998]
		},
		"type": "Feature",
		"properties": {
                    "Name": "Chicago"
		},
		"id": 8
            },
            {
		"geometry": {
                    "type": "Point",
                    "coordinates": [ 25.2048493,55.270782800000006]
		},
		"type": "Feature",
		"properties": {
                    "Name": "Dubái"
		},
		"id": 9
            },
            {
		"geometry": {
                    "type": "Point",
                    "coordinates": [ 43.653226,-79.38318429999998]
		},
		"type": "Feature",
		"properties": {
                    "Name": "Toronto"
		},
		"id": 10
            }
	]
}
